;first_name;last_name;email;date_of_birth;mobile_no
21;Aaron;Wilson;Aaron_Wilson@burke-benton.net;1987-05-17;75053391
29;Samuel;Lee;Samuel_Lee@gardner-rodriguez.net;1974-09-02;57636831
38;Jennifer;Weaver;Jennifer_Weaver@patterson.com;1978-10-15;74152151
40;Brittany;Ellison;Brittany_Ellison@nolan.com;2004-04-04;82360847
55;Leonard;Hamilton;Leonard_Hamilton@brown.com;1988-02-29;76082775
61;Kathy;Phillips;Kathy_Phillips@floyd.com;1984-12-16;57829247
80;Jennifer;Jimenez;Jennifer_Jimenez@morgan.com;1992-11-21;59592559
115;Victoria;Lawson;Victoria_Lawson@snyder.com;1954-12-04;24045823
133;Michael;Martinez;Michael_Martinez@hogan.net;1952-11-07;40271975
147;Dr.;Paul Jones;Paul_Jones@clark-irwin.com;1994-02-15;91301999
152;Danielle;Tran;Danielle_Tran@mann.com;1988-08-26;85246679
156;Jeff;Freeman;Jeff_Freeman@guzman.com;2003-05-20;13590655
174;Marissa;Jones;Marissa_Jones@lewis.net;1958-08-06;32094119
176;Elijah;Roy;Elijah_Roy@jones-baldwin.com;1987-07-05;57159015
185;Courtney;Simpson;Courtney_Simpson@preston-cantrell.com;1973-11-03;77314887
192;Kimberly;Hopkins;Kimberly_Hopkins@adams.com;1993-10-22;67364511
200;William;King;William_King@cline-allen.com;1984-11-15;21561215
206;Stephanie;Robertson;Stephanie_Robertson@owen-rodriguez.com;2002-08-05;75259367
209;Ashley;Rogers;Ashley_Rogers@elliott-johnson.com;2004-12-06;97874903
212;Rickey;Hill;Rickey_Hill@parker-cohen.com;1964-04-30;56465207
213;Erika;Stewart;Erika_Stewart@solis.com;1985-12-26;83552695
220;Christina;Johnson;Christina_Johnson@clark.com;2001-06-22;30262983
227;Kelli;Wells;Kelli_Wells@jones.com;1954-03-08;27406215
233;Nathan;Archer;Nathan_Archer@gray.com;1956-07-23;72954367
241;Michael;Kline;Michael_Kline@phelps-alvarez.com;1965-06-23;20968343
252;Joshua;Rodriguez;Joshua_Rodriguez@thornton-benitez.com;1953-03-17;27953967
264;James;Rodriguez;James_Rodriguez@logan.com;1981-07-17;50981423
268;Robert;Zuniga;Robert_Zuniga@rodriguez-garcia.com;2005-07-04;58375519
270;Robert;Ortega;Robert_Ortega@perez.com;1960-03-16;57040695
274;Teresa;Ruiz;Teresa_Ruiz@holmes.com;1951-09-04;22432447
275;Madison;Mejia;Madison_Mejia@sims.com;1953-03-23;73824679
282;James;Bailey;James_Bailey@flynn.net;1986-10-07;26146743
283;Mary;Perry;Mary_Perry@williams.net;1973-08-08;57879711
288;Crystal;Jones;Crystal_Jones@webb.com;1962-09-14;39588047
296;Aaron;Brown;Aaron_Brown@yates.com;1986-05-02;43815191
312;Tanya;Barajas;Tanya_Barajas@davis.com;1974-04-30;92793871
316;Samantha;Rasmussen;Samantha_Rasmussen@stokes-leon.com;1994-06-21;26634223
329;Vincent;Martin;Vincent_Martin@wright-lee.com;1984-01-24;55457087
340;Tony;Crawford;Tony_Crawford@moore.com;1987-08-18;15997263
344;Randy;Sullivan;Randy_Sullivan@perez.net;1961-10-25;15665967
350;Kimberly;Thompson;Kimberly_Thompson@brewer-walters.net;2000-12-11;88531623
353;Martin;Compton;Martin_Compton@morgan.com;1984-06-02;42037887
391;Tracy;Brown;Tracy_Brown@joyce.com;1972-08-23;26044711
423;Leslie;Preston;Leslie_Preston@johns.com;1972-05-10;71892959
428;Jay;Parker;Jay_Parker@fowler.net;1993-09-30;57583783
430;Lance;Williams;Lance_Williams@williams.net;1973-08-07;19310567
448;Kathleen;Allen;Kathleen_Allen@cook.com;1986-01-13;38829559
455;Marie;Lamb;Marie_Lamb@hampton.com;1979-04-10;26841263
456;Nathan;Flores;Nathan_Flores@gibbs.net;1979-04-09;86883135
465;Ashley;Caldwell;Ashley_Caldwell@mason-bryant.com;1988-09-03;13420663
486;Renee;Martin;Renee_Martin@crawford-walker.com;1981-04-21;55803823
494;Keith;Parker;Keith_Parker@moore.com;1964-08-26;40120471
517;Melissa;Levy;Melissa_Levy@arroyo.com;1950-03-30;51842935
518;Brandon;Powell;Brandon_Powell@craig-gonzales.net;1976-06-06;43375815
520;Michael;Wu;Michael_Wu@gutierrez.com;2004-11-30;29225607
542;Kimberly;Stone;Kimberly_Stone@murphy-bryant.com;1994-05-12;25323999
544;Adam;Jones;Adam_Jones@ashley.com;1973-03-16;55082935
554;Elizabeth;Andersen;Elizabeth_Andersen@baker.com;1974-01-23;69096535
562;Destiny;Lutz;Destiny_Lutz@thompson-wright.com;1994-04-12;87853607
566;Brandy;Allen;Brandy_Allen@hardy-griffin.com;1981-01-13;92130799
567;Stephanie;Decker;Stephanie_Decker@barrett.net;1977-09-05;92626639
571;Michelle;Keller;Michelle_Keller@johnson.com;1951-06-07;56139711
578;Stacey;Yates;Stacey_Yates@lewis.com;1992-12-08;30115967
583;Sue;Lee;Sue_Lee@rojas.com;1986-08-29;97367575
584;Anna;Long;Anna_Long@coleman.com;1974-03-16;52566967
591;Annette;Watson;Annette_Watson@brown-brennan.com;1958-04-23;67851175
603;James;Thomas;James_Thomas@torres.net;1952-05-09;58718239
612;Kimberly;Kelly;Kimberly_Kelly@smith-davis.com;2004-04-03;97604615
614;Kelli;Olson;Kelli_Olson@campbell.net;1996-07-23;50265023
636;Becky;Reid;Becky_Reid@vargas.net;1975-10-27;37025287
645;Wesley;Shaw;Wesley_Shaw@henderson-gibson.com;1983-01-21;76819471
649;Pamela;Boyd;Pamela_Boyd@freeman.com;1968-06-28;25030751
657;Jeremy;Lewis;Jeremy_Lewis@murray.com;1953-01-07;44159519
669;Jennifer;Garza;Jennifer_Garza@herrera-klein.com;1989-06-03;31999455
699;Andre;Manning;Andre_Manning@reeves-marshall.com;2004-12-08;66456055
724;Joseph;Perry;Joseph_Perry@tucker.com;1951-06-16;16254071
726;Heather;Herman;Heather_Herman@williams-lindsey.com;1971-06-06;97877423
734;Laura;Lopez;Laura_Lopez@rodriguez.com;1990-12-21;72627367
771;Reginald;Barnes;Reginald_Barnes@walker-robinson.com;1973-02-14;19884399
782;Robert;Weaver;Robert_Weaver@young-leonard.com;1982-02-18;39131199
786;Beth;Martinez;Beth_Martinez@johnson.com;1968-12-25;87909191
790;Spencer;Ware;Spencer_Ware@montgomery-lane.com;1980-10-09;74599951
791;Willie;Erickson;Willie_Erickson@bartlett.com;1991-01-10;53673855
803;Daniel;Nguyen;Daniel_Nguyen@mccall.com;1959-09-03;37673823
820;Leonard;Martinez;Leonard_Martinez@mcbride.com;1956-09-22;14452319
841;Robert;Stephens;Robert_Stephens@lopez.com;2000-06-19;92784815
859;Daniel;Chen;Daniel_Chen@little.com;1952-07-16;46750383
862;Samuel;Dalton;Samuel_Dalton@marquez.com;1996-09-16;75194711
874;Heather;Bennett;Heather_Bennett@hamilton-blair.com;2002-01-05;64795847
875;Joshua;King;Joshua_King@hale.net;2000-01-06;99342223
888;Crystal;Blake;Crystal_Blake@parker.com;1970-11-17;97878511
903;Amanda;Evans;Amanda_Evans@cox.com;1959-02-24;92559519
912;Sergio;Day;Sergio_Day@guzman-garrett.com;1951-05-31;27091295
918;Julie;Boyd;Julie_Boyd@white-george.com;1969-09-06;47949079
926;Logan;Watkins;Logan_Watkins@hernandez.com;2000-05-11;87081215
933;Steven;Ortiz;Steven_Ortiz@hamilton.com;1967-06-05;15073183
945;Lisa;Marquez;Lisa_Marquez@day-smith.com;1971-03-26;18443671
963;Jennifer;Martin;Jennifer_Martin@moore.com;1983-05-27;83212175
970;Arthur;Chandler;Arthur_Chandler@martin.com;1961-02-10;18438007
992;Ronald;Hudson;Ronald_Hudson@carson.com;1951-10-03;66192423
994;Jennifer;Lee;Jennifer_Lee@guerra-lopez.com;1950-01-04;35305031
1000;Gregory;Yoder;Gregory_Yoder@robinson-johnson.com;1953-06-20;75705319
1016;Carolyn;Harmon;Carolyn_Harmon@watts-horn.com;1998-01-24;55977599
1032;Dr.;Christopher Harrell;Christopher_Harrell@lindsey.com;1970-06-30;52999479
1034;Kevin;Johnson;Kevin_Johnson@rogers.com;1993-08-02;15154639
1052;Jessica;Smith;Jessica_Smith@galloway.com;2004-06-29;11145663
1054;Michael;Harrison;Michael_Harrison@franklin.com;1951-08-19;29087871
1076;Terry;Moore;Terry_Moore@barker-ayers.com;1987-06-15;19828167
1077;James;Rogers;James_Rogers@green.net;1993-07-04;65821255
1080;Kathleen;Tran;Kathleen_Tran@wilson.net;1974-02-11;20044927
1089;Jacqueline;Conway;Jacqueline_Conway@robinson-carson.com;1971-06-17;91842383
1097;Maxwell;Cole;Maxwell_Cole@larson.com;1951-02-03;41796463
1099;Bethany;Williamson;Bethany_Williamson@flores.com;1954-03-10;40227935
1104;Joseph;Wright;Joseph_Wright@powell.net;1957-05-21;40768583
1120;Heidi;Bolton;Heidi_Bolton@spencer.com;1956-06-16;58079023
1127;Daniel;Lewis;Daniel_Lewis@robertson.com;1977-02-05;48084439
1128;Dale;Ramirez;Dale_Ramirez@patton.com;1955-03-23;59875791
1136;Carol;Sharp;Carol_Sharp@garcia-lamb.com;1975-03-12;18014567
1139;Joseph;Buck;Joseph_Buck@jacobs.com;1952-03-11;34270063
1142;Lynn;Anderson;Lynn_Anderson@williams-carter.com;1996-01-13;75488911
1191;Sarah;Harris;Sarah_Harris@thomas-sanchez.com;2001-05-30;52442775
1195;Victor;Owens;Victor_Owens@collins.com;1996-08-15;53064383
1199;Kimberly;Koch;Kimberly_Koch@rodriguez.net;1987-01-25;35893839
1200;Allison;Obrien;Allison_Obrien@bailey-sanders.com;1962-04-23;81154631
1205;John;Rogers;John_Rogers@oneill.com;1971-09-05;21046575
1217;Janet;Collins;Janet_Collins@farrell.com;1984-07-21;89424095
1236;Kristin;Lawson;Kristin_Lawson@salinas.com;1976-01-11;36661711
1239;James;Castaneda;James_Castaneda@miller-hart.com;1964-01-26;64715807
1248;Robert;Ortiz;Robert_Ortiz@saunders-hunter.com;1976-11-08;80296223
1251;Connie;Harper;Connie_Harper@lewis.com;1995-06-27;21369119
1260;Debbie;Burns;Debbie_Burns@salinas.com;1983-08-06;95570935
1263;Gabriel;Preston;Gabriel_Preston@black.com;1996-11-20;88336263
1275;Brandon;Orozco;Brandon_Orozco@greene.com;1987-07-17;59988495
1280;Kari;Nguyen;Kari_Nguyen@farley.com;1999-11-19;47980591
1302;Brittany;Hill;Brittany_Hill@rogers-hoffman.com;1987-06-05;90817791
1341;Carrie;Martinez;Carrie_Martinez@hendrix.com;1974-01-24;96107743
1344;Linda;White;Linda_White@moore.com;1975-10-15;84876711
1345;Jake;Spencer;Jake_Spencer@murphy.com;2002-05-09;53533879
1355;Joseph;Chan;Joseph_Chan@hutchinson-gutierrez.com;1966-09-22;19544079
1364;Kathleen;Ali;Kathleen_Ali@horn-rogers.com;1996-06-02;45338687
1377;Danielle;Stephens;Danielle_Stephens@miller.net;1961-09-29;16838823
1401;Brianna;Schaefer;Brianna_Schaefer@nelson-mcmahon.com;1976-12-03;34700887
1405;Angela;Morris;Angela_Morris@murray.com;1976-07-02;89409391
1440;Jessica;Smith;Jessica_Smith@walsh-steele.com;1951-05-31;97984639
1446;Brenda;Long;Brenda_Long@carter.net;1951-09-14;45992583
1447;Megan;Taylor;Megan_Taylor@montgomery.com;1993-05-10;12610975
1469;Kelly;Morales;Kelly_Morales@sanchez.com;1980-02-27;44799815
1473;Sheri;Johnson;Sheri_Johnson@lucas.com;1988-04-22;34118127
1485;Lori;Pacheco;Lori_Pacheco@ayala.com;1962-06-30;94662495
1489;Sandra;Schmidt;Sandra_Schmidt@herrera.com;1959-07-11;50638143
1493;Ms.;Rachel Hill;Rachel_Hill@gutierrez.com;1954-12-02;55824367
1499;Emily;Case;Emily_Case@lewis.com;1985-05-08;90216215
1500;Seth;Alvarez;Seth_Alvarez@conrad.com;1980-01-08;90929927
1504;Jose;Reyes;Jose_Reyes@garcia.com;1970-09-29;94563263
1510;Zachary;Le;Zachary_Le@whitaker.com;1985-10-28;56441999
1512;Rhonda;Anthony;Rhonda_Anthony@lawson.com;1974-09-15;12850551
1513;Joseph;Hill;Joseph_Hill@rodriguez-newton.com;2002-09-23;89902687
1514;Erin;Davis;Erin_Davis@sanchez.net;1960-09-17;22992863
1515;Lucas;Brown;Lucas_Brown@miller.com;1989-11-01;34675679
1520;William;Garcia;William_Garcia@powell.com;1985-09-12;25729991
1528;Lauren;Swanson;Lauren_Swanson@pena-pierce.com;1961-09-21;85204407
1534;John;Frank;John_Frank@martin.com;1950-05-19;42691023
1542;Nicole;Schmidt;Nicole_Schmidt@stephens.com;1965-11-09;86157423
1545;Nathan;Gray;Nathan_Gray@scott-gonzalez.com;1996-06-18;48983767
1555;Nichole;Delgado;Nichole_Delgado@dixon-cruz.com;1972-03-05;60338223
1564;Marcus;Rodriguez;Marcus_Rodriguez@jones.com;1969-05-11;23424599
1576;Samuel;Solomon;Samuel_Solomon@wolf.net;1987-12-30;26166751
1584;Katrina;Miller;Katrina_Miller@grimes.com;1954-03-08;81240247
1586;Raymond;Conner;Raymond_Conner@oneal-johnson.com;1997-01-28;95736583
1601;Lori;Fuller;Lori_Fuller@gordon.com;1968-01-01;54288255
1606;Frank;Villegas;Frank_Villegas@johnson-mitchell.com;2005-01-17;71487247
1608;Corey;Wilson;Corey_Wilson@hoover-hernandez.com;1953-10-11;39467535
1612;Holly;James;Holly_James@macdonald.com;1964-11-04;62732175
1620;Alicia;Mccarty;Alicia_Mccarty@beasley.com;1982-09-16;57669519
1631;Zoe;Christian;Zoe_Christian@grant.com;1999-03-19;22170983
1638;Nicholas;Watson;Nicholas_Watson@williams.com;1962-04-03;72181751
1643;Victoria;Wood;Victoria_Wood@proctor-baker.com;1991-06-22;13955959
1650;Jillian;Knight;Jillian_Knight@davenport.com;1988-11-08;20417711
1662;Ryan;Fisher;Ryan_Fisher@fletcher.com;1987-10-30;63505855
1663;Stephanie;Howe;Stephanie_Howe@allen.com;1963-09-05;37283343
1668;Kenneth;Kim;Kenneth_Kim@duran.com;1999-05-05;37818767
1669;Andrew;Macias;Andrew_Macias@douglas.com;1966-10-13;28232535
1679;Elizabeth;Huffman;Elizabeth_Huffman@zamora.com;1958-09-18;15486151
1685;Christina;Stone;Christina_Stone@medina.com;1993-03-20;34449775
1702;Alexander;Merritt;Alexander_Merritt@butler.net;1980-09-13;33574735
1711;Kelly;Sanders;Kelly_Sanders@coleman.com;1952-04-13;29703695
1712;Matthew;Jones;Matthew_Jones@arnold.com;2000-06-15;98616991
1728;Sarah;David;Sarah_David@collier.net;1998-12-16;97218247
1735;Carmen;Barajas;Carmen_Barajas@smith.com;1981-05-26;34685455
1749;Angela;Johnson;Angela_Johnson@stewart.com;1984-08-27;62439103
1761;Melissa;Sparks;Melissa_Sparks@sanchez-stevenson.com;1993-08-02;27530863
1771;Katherine;Hill;Katherine_Hill@tran.com;1983-09-18;37709951
1773;Kristin;Hart;Kristin_Hart@ortega.com;1966-12-17;36255543
1782;Jacqueline;Ho;Jacqueline_Ho@henry.com;1961-01-31;75359367
1793;Michael;Knight;Michael_Knight@davidson.com;1987-04-08;71412263
1794;Heather;Arroyo;Heather_Arroyo@martinez.com;1979-07-09;36165719
1796;Lori;Larson;Lori_Larson@flowers.com;1963-08-07;38397103
1798;David;Vazquez;David_Vazquez@davila-beck.com;1990-06-12;57160871
1836;Sherry;Hicks;Sherry_Hicks@stout-nicholson.com;1961-11-27;12514111
1854;Sarah;Davila;Sarah_Davila@nash.com;1979-09-06;46685303
1860;Karen;Oneill;Karen_Oneill@gomez.com;1992-10-04;72265879
1874;Nicholas;Mills;Nicholas_Mills@williams.com;1963-10-01;68844231
1890;Jennifer;Montgomery;Jennifer_Montgomery@estrada-cole.com;1971-07-15;53834071
1892;Cynthia;Bailey;Cynthia_Bailey@oneill.com;1979-08-25;48942719
1900;John;Wright;John_Wright@harris.com;1983-10-19;96650335
1914;Sheila;Brown;Sheila_Brown@stevens-edwards.com;1982-11-28;32490999
1938;Martin;Griffin;Martin_Griffin@allen.com;2005-01-02;36159095
1946;Lisa;Moore;Lisa_Moore@ramos.com;1994-11-19;99493567
1959;Julian;Newman;Julian_Newman@haynes.com;1958-03-13;49873159
1960;Thomas;Ferguson;Thomas_Ferguson@guzman.com;1959-12-13;28787319
1965;Lauren;Rodriguez;Lauren_Rodriguez@soto.com;1993-10-16;27106623
1974;Richard;Anderson;Richard_Anderson@white.com;1958-06-07;66751511
1998;Jessica;Lee;Jessica_Lee@brown-baxter.com;1967-01-24;89410823
2005;Martin;Allen;Martin_Allen@steele.com;2002-09-24;99969439
2015;Angela;Mitchell;Angela_Mitchell@moreno-evans.com;1969-01-05;50190223
2018;Derrick;Sanchez;Derrick_Sanchez@mitchell.com;1970-04-24;97980535
2033;Christine;Ellis;Christine_Ellis@blackwell.com;1998-06-17;69393823
2045;Alyssa;Salinas;Alyssa_Salinas@robbins.com;1998-07-10;41363847
2061;Mr.;Kevin Walsh;Kevin_Walsh@hamilton.net;1992-08-05;63251375
2065;Kenneth;Knox;Kenneth_Knox@zamora.com;1999-06-26;47904991
2066;Steve;Mitchell;Steve_Mitchell@adkins-russell.com;1975-10-27;98789479
2067;Craig;Hendricks;Craig_Hendricks@garcia-higgins.com;1995-10-18;51721063
2069;Ricky;Kerr;Ricky_Kerr@gonzalez-martinez.com;1951-06-25;43238807
2077;Gloria;Aguilar;Gloria_Aguilar@dorsey-donaldson.com;1969-06-06;69773231
2080;William;Jones;William_Jones@ford.com;2005-10-26;60103815
2106;Alexander;Knight;Alexander_Knight@doyle.com;1974-08-12;41639975
2113;Joseph;Cross;Joseph_Cross@mason-shaw.net;1953-01-26;35750023
2116;Dr.;Joel Myers PhD;Joel_Myers@smith-willis.net;1972-09-20;49665991
2127;Michael;Mckee;Michael_Mckee@gordon.com;2000-09-17;87409327
2129;Roy;Park;Roy_Park@rodriguez-west.com;1955-10-29;69451423
2150;Jonathan;Castro;Jonathan_Castro@sandoval.com;1970-04-09;95059239
2151;Richard;Carroll;Richard_Carroll@massey-gardner.com;1961-05-26;61422551
2161;Michelle;Fletcher;Michelle_Fletcher@anderson.com;1983-10-24;15665159
2167;Carol;Murphy;Carol_Murphy@lowe.com;1964-03-17;54241135
2187;Michael;Russell;Michael_Russell@orozco.com;1968-03-08;24280095
2197;Shawna;Andrews;Shawna_Andrews@freeman.com;1998-11-15;12022295
2206;Dana;Hernandez;Dana_Hernandez@jackson.com;1994-01-26;50236391
2220;Lauren;Harris;Lauren_Harris@long.com;1978-08-11;42605007
2221;Sean;Morales;Sean_Morales@molina.com;2003-09-20;50605207
2228;John;Mendoza;John_Mendoza@mahoney.com;1985-05-19;85845135
2254;Sierra;Mcdaniel;Sierra_Mcdaniel@mata.com;2003-07-13;77274903
2259;Wendy;Smith;Wendy_Smith@smith-webb.com;1970-01-28;60349279
2260;Leslie;Diaz;Leslie_Diaz@thomas-shelton.com;1957-04-30;57506727
2262;Grant;Snyder;Grant_Snyder@gonzales.com;1973-10-31;23872143
2267;Brandi;Jenkins;Brandi_Jenkins@miller.com;1965-12-28;79308567
2278;Amy;Haynes;Amy_Haynes@levy.com;1960-03-14;41563455
2287;John;Roberts;John_Roberts@hendricks.com;1954-03-15;16513279
2306;Carrie;Nelson;Carrie_Nelson@archer-murphy.com;1951-06-09;49242255
2308;Jacob;Hood;Jacob_Hood@evans.com;1956-02-08;24204143
2311;Tracy;Charles;Tracy_Charles@rowe.com;1993-11-08;62200511
2325;Brandon;Johnson;Brandon_Johnson@ramirez.com;1985-10-03;60862935
2373;Wendy;Nelson;Wendy_Nelson@day.com;1965-01-08;59119063
2375;Jasmine;Ramsey;Jasmine_Ramsey@jackson.com;1950-04-07;16447279
2384;William;Beltran;William_Beltran@bean.com;1985-03-13;16495975
2415;Gerald;Stuart;Gerald_Stuart@strong.net;1995-08-10;98421991
2419;Jacob;Vaughan;Jacob_Vaughan@martinez.com;1983-09-08;69615007
2424;Alyssa;Ferguson;Alyssa_Ferguson@holmes.com;2004-04-10;64014879
2431;Matthew;Fuentes;Matthew_Fuentes@miranda.com;1966-03-29;33411447
2435;April;Carpenter;April_Carpenter@page.com;1971-09-29;97274415
2443;Rachel;Garcia;Rachel_Garcia@neal.com;1996-10-21;87786127
2445;Patrick;Madden;Patrick_Madden@sanders.com;1994-11-01;35389647
2452;Angela;Myers;Angela_Myers@rodriguez.com;1974-01-26;59457063
2453;Wayne;Baker;Wayne_Baker@brown.com;1967-12-27;92067207
2456;Haley;Cox;Haley_Cox@lewis.com;1964-10-01;27911351
2466;Dan;Sanders;Dan_Sanders@klein-hernandez.com;1950-08-13;30043759
2487;Thomas;Fisher;Thomas_Fisher@phillips.com;1985-04-15;99090999
2493;Taylor;Lopez;Taylor_Lopez@jones-salazar.com;1957-05-22;17889439
2507;Jeffrey;Macias;Jeffrey_Macias@cox.com;1990-03-10;98485783
2508;Brian;Drake;Brian_Drake@hurst-price.net;1962-11-02;83466007
2551;Timothy;Jordan;Timothy_Jordan@young.com;1999-12-28;77411263
2567;Kathy;Leblanc;Kathy_Leblanc@warren-gray.com;1981-02-27;69067343
2569;William;Floyd;William_Floyd@duran.com;1972-07-13;27758191
2570;Angela;Hayden;Angela_Hayden@barry.net;1996-06-23;28574351
2571;Renee;Hodges;Renee_Hodges@hamilton.com;1987-12-28;63899519
2573;Samantha;Miller;Samantha_Miller@mcmahon.com;1965-04-06;41451647
2614;Lauren;Orozco;Lauren_Orozco@sanchez.com;2000-01-26;71540231
2642;Matthew;Diaz;Matthew_Diaz@ortiz.com;2004-04-29;19038407
2649;April;Owen;April_Owen@sanchez.com;1967-09-23;16552967
2659;Mr.;Evan Russell;Evan_Russell@ferguson.net;1959-01-20;75209343
2670;Brent;Castaneda;Brent_Castaneda@garcia.com;1958-03-07;80875871
2679;Gregory;Peters;Gregory_Peters@ray.net;1990-09-02;78256247
2692;Matthew;Salazar;Matthew_Salazar@jones-jones.com;1999-12-11;50895327
2698;Natasha;Martinez;Natasha_Martinez@west.com;1968-04-18;55194439
2703;Charles;Powell;Charles_Powell@knight.com;1997-09-06;47215879
2714;Brian;Powell;Brian_Powell@hernandez.com;1959-11-15;67153775
2724;Laura;Sandoval;Laura_Sandoval@brown.com;1986-09-13;17475623
2727;Mr.;Charles Gonzalez;Charles_Gonzalez@navarro.com;1971-04-04;94465511
2731;Nicholas;Caldwell;Nicholas_Caldwell@hurley-bass.com;1977-07-14;42525999
2733;Brian;Wyatt;Brian_Wyatt@wright-young.com;1958-12-11;63631399
2738;Ryan;Garcia;Ryan_Garcia@vazquez-wells.com;1993-08-15;26856535
2742;Megan;Anderson;Megan_Anderson@wilson-murillo.com;1970-07-29;21736903
2744;Pamela;Hughes;Pamela_Hughes@charles-costa.com;1987-06-13;40181295
2745;Tiffany;Scott;Tiffany_Scott@davis.com;1986-11-10;76272207
2753;Stanley;Conway;Stanley_Conway@adams.com;1985-09-05;71853567
2761;Yolanda;Petty;Yolanda_Petty@dunlap-brown.com;1991-01-25;69674519
2774;Timothy;Evans;Timothy_Evans@douglas-gray.net;2004-07-03;21273015
2795;Tara;Jones;Tara_Jones@blankenship.net;1985-03-03;49275455
2827;George;Williams;George_Williams@patton.com;1981-03-19;69991287
2843;Lori;Allen;Lori_Allen@valdez-phillips.com;2002-09-16;28175727
2844;Charles;Kelly;Charles_Kelly@dalton.com;1969-04-01;62777351
2847;Jonathan;Villa;Jonathan_Villa@suarez.com;1975-12-03;80471287
2850;Cindy;Jackson;Cindy_Jackson@garcia-burch.com;1967-07-27;60954247
2854;Scott;Williams;Scott_Williams@keller-wong.com;1980-03-08;85799255
2856;Dylan;Hernandez;Dylan_Hernandez@singleton-johnson.com;1995-03-01;31405951
2878;Michelle;Garcia;Michelle_Garcia@lynch.com;1980-10-17;52895823
2881;Matthew;Bailey;Matthew_Bailey@benjamin.com;1987-07-28;39436023
2915;Curtis;Flynn;Curtis_Flynn@cook-drake.com;1978-09-26;58787463
2917;Thomas;Perez;Thomas_Perez@greene-lopez.com;1963-02-20;96377439
2919;Sheri;Kline;Sheri_Kline@hinton.com;1994-06-09;33546343
2920;Mr.;Jeff Baker;Jeff_Baker@bentley.com;1967-04-24;57871767
2948;Shannon;Thomas;Shannon_Thomas@dawson-alexander.com;1968-09-03;18892279
2953;Jeffrey;Murray;Jeffrey_Murray@jones.net;1982-12-21;27473887
2971;Kristin;Wagner;Kristin_Wagner@clayton.com;1997-01-29;66045343
2986;Nicole;Shea;Nicole_Shea@mcclure.com;1956-01-02;28795599
